"Neighbourhood","Cluster","CommunityArea"
"Agassiz","Fort Garry South","Fort Garry"
"Airport","St. James-Assiniboia East","St. James-Assiniboia"
"Alpine Place","St. Vital North","St. Vital"
"Amber Trails","Seven Oaks West","Seven Oaks"
"Archwood","St. Boniface East","St. Boniface"
"Armstrong Point","Downtown East","Downtown"
"Assiniboia Downs","St. James-Assiniboia West","St. James-Assiniboia"
"Assiniboine Park","Assiniboine South","Assiniboine South"
"Beaumont","Fort Garry North","Fort Garry"
"Betsworth","Assiniboine South","Assiniboine South"
"Birchwood","St. James-Assiniboia East","St. James-Assiniboia"
"Booth","St. James-Assiniboia East","St. James-Assiniboia"
"Bridgwater Centre","Fort Garry South","Fort Garry"
"Bridgwater Forest","Fort Garry South","Fort Garry"
"Bridgwater Lakes","Fort Garry South","Fort Garry"
"Bridgwater Trails","Fort Garry South","Fort Garry"
"Broadway-Assiniboine","Downtown East","Downtown"
"Brockville","Fort Garry North","Fort Garry"
"Brooklands","Inkster East","Inkster"
"Bruce Park","St. James-Assiniboia East","St. James-Assiniboia"
"Buchanan","St. James-Assiniboia West","St. James-Assiniboia"
"Buffalo","Fort Garry North","Fort Garry"
"Burrows-Keewatin","Inkster East","Inkster"
"Burrows Central","Point Douglas North","Point Douglas"
"Canterbury Park","Transcona","Transcona"
"Centennial","Downtown East","Downtown"
"Central Park","Downtown East","Downtown"
"Central River Heights","River Heights West","River Heights"
"Central St. Boniface","St. Boniface West","St. Boniface"
"Chalmers","River East South","River East"
"Chevrier","Fort Garry North","Fort Garry"
"China Town","Downtown East","Downtown"
"Civic Centre","Downtown East","Downtown"
"Cloutier Drive","Fort Garry South","Fort Garry"
"Colony","Downtown East","Downtown"
"Crescent Park","Fort Garry North","Fort Garry"
"Crescentwood","River Heights West","River Heights"
"Crestview","St. James-Assiniboia West","St. James-Assiniboia"
"Dakota Crossing","St. Vital South","St. Vital"
"Daniel McIntyre","Downtown West","Downtown"
"Deer Lodge","St. James-Assiniboia East","St. James-Assiniboia"
"Dufferin","Point Douglas South","Point Douglas"
"Dufferin Industrial","Point Douglas South","Point Douglas"
"Dufresne","St. Boniface East","St. Boniface"
"Dugald","St. Boniface East","St. Boniface"
"Eaglemere","River East East","River East"
"Earl Grey","River Heights West","River Heights"
"East Elmwood","River East South","River East"
"Ebby-Wentworth","River Heights West","River Heights"
"Edgeland","Assiniboine South","Assiniboine South"
"Elm Park","St. Vital North","St. Vital"
"Elmhurst","Assiniboine South","Assiniboine South"
"Eric Coy","Assiniboine South","Assiniboine South"
"Exchange District","Downtown East","Downtown"
"Fairfield Park","Fort Garry South","Fort Garry"
"Fort Richmond","Fort Garry South","Fort Garry"
"Fraipont","St. Boniface East","St. Boniface"
"Garden City","Seven Oaks East","Seven Oaks"
"Glendale","St. James-Assiniboia West","St. James-Assiniboia"
"Glenelm","River East South","River East"
"Glenwood","St. Vital North","St. Vital"
"Grant Park","River Heights West","River Heights"
"Grassie","River East East","River East"
"Griffin","Transcona","Transcona"
"Heritage Park","St. James-Assiniboia West","St. James-Assiniboia"
"Holden","St. Boniface East","St. Boniface"
"Inkster-Faraday","Point Douglas North","Point Douglas"
"Inkster Gardens","Inkster West","Inkster"
"Inkster Industrial Park","Inkster East","Inkster"
"Island Lakes","St. Boniface East","St. Boniface"
"J. B. Mitchell","River Heights West","River Heights"
"Jameswood","St. James-Assiniboia East","St. James-Assiniboia"
"Jefferson","Seven Oaks East","Seven Oaks"
"Kensington","St. James-Assiniboia East","St. James-Assiniboia"
"Kern Park","Transcona","Transcona"
"Kil-Cona Park","River East East","River East"
"Kildare-Redonda","Transcona","Transcona"
"Kildonan Crossing","River East East","River East"
"Kildonan Drive","River East West","River East"
"Kildonan Park","Seven Oaks East","Seven Oaks"
"King Edward","St. James-Assiniboia East","St. James-Assiniboia"
"Kingston Crescent","St. Vital North","St. Vital"
"Kirkfield","St. James-Assiniboia West","St. James-Assiniboia"
"La Barriere","Fort Garry South","Fort Garry"
"Lavalee","St. Vital North","St. Vital"
"Legislature","Downtown East","Downtown"
"Leila-McPhillips Triangle","Seven Oaks East","Seven Oaks"
"Leila North","Seven Oaks East","Seven Oaks"
"Linden Ridge","Fort Garry North","Fort Garry"
"Linden Woods","Fort Garry North","Fort Garry"
"Logan-C.P.R.","Downtown East","Downtown"
"Lord Roberts","River Heights East","River Heights"
"Lord Selkirk Park","Point Douglas South","Point Douglas"
"Luxton","Point Douglas North","Point Douglas"
"Maginot","St. Boniface East","St. Boniface"
"Mandalay West","Seven Oaks West","Seven Oaks"
"Maple Grove Park","St. Vital South","St. Vital"
"Margaret Park","Seven Oaks East","Seven Oaks"
"Marlton","Assiniboine South","Assiniboine South"
"Mathers","River Heights West","River Heights"
"Maybank","Fort Garry North","Fort Garry"
"McLeod Industrial","River East East","River East"
"McMillan","River Heights East","River Heights"
"Meadowood","St. Vital South","St. Vital"
"Meadows","Transcona","Transcona"
"Melrose","Transcona","Transcona"
"Minnetonka","St. Vital South","St. Vital"
"Minto","Downtown West","Downtown"
"Mission Gardens","Transcona","Transcona"
"Mission Industrial","St. Boniface East","St. Boniface"
"Montcalm","Fort Garry South","Fort Garry"
"Munroe East","River East East","River East"
"Munroe West","River East West","River East"
"Murray Industrial Park","St. James-Assiniboia East","St. James-Assiniboia"
"Mynarski","Point Douglas North","Point Douglas"
"Niakwa Park","St. Boniface East","St. Boniface"
"Niakwa Place","St. Boniface East","St. Boniface"
"Norberry","St. Vital North","St. Vital"
"Normand Park","St. Vital South","St. Vital"
"North Inkster Industrial","Inkster West","Inkster"
"North Point Douglas","Point Douglas South","Point Douglas"
"North River Heights","River Heights West","River Heights"
"North St. Boniface","St. Boniface West","St. Boniface"
"North Transcona Yards","River East East","River East"
"Norwood East","St. Boniface West","St. Boniface"
"Norwood West","St. Boniface West","St. Boniface"
"Oak Point Highway","Inkster West","Inkster"
"Old Tuxedo","Assiniboine South","Assiniboine South"
"Omand's Creek Industrial","St. James-Assiniboia East","St. James-Assiniboia"
"Pacific Industrial","Inkster East","Inkster"
"Parc La Salle","Fort Garry South","Fort Garry"
"Parker","Fort Garry North","Fort Garry"
"Peguis","Transcona","Transcona"
"Pembina Strip","Fort Garry North","Fort Garry"
"Perrault","Fort Garry South","Fort Garry"
"Point Road","Fort Garry North","Fort Garry"
"Polo Park","Downtown West","Downtown"
"Portage-Ellice","Downtown East","Downtown"
"Portage & Main","Downtown East","Downtown"
"Prairie Pointe","Fort Garry South","Fort Garry"
"Pulberry","St. Vital North","St. Vital"
"Radisson","Transcona","Transcona"
"Regent","Transcona","Transcona"
"Richmond Lakes","Fort Garry South","Fort Garry"
"Richmond West","Fort Garry South","Fort Garry"
"Ridgedale","Assiniboine South","Assiniboine South"
"Ridgewood South","Assiniboine South","Assiniboine South"
"River-Osborne","River Heights East","River Heights"
"River East","River East West","River East"
"River Park South","St. Vital South","St. Vital"
"River West Park","Assiniboine South","Assiniboine South"
"Riverbend","Seven Oaks East","Seven Oaks"
"Rivergrove","Seven Oaks East","Seven Oaks"
"Riverview","River Heights East","River Heights"
"Robertson","Point Douglas North","Point Douglas"
"Roblin Park","Assiniboine South","Assiniboine South"
"Rockwood","River Heights West","River Heights"
"Roslyn","River Heights East","River Heights"
"Rosser-Old Kildonan","Seven Oaks West","Seven Oaks"
"Rossmere-A","River East West","River East"
"Rossmere-B","River East West","River East"
"Royalwood","St. Boniface East","St. Boniface"
"Sage Creek","St. Boniface East","St. Boniface"
"Sargent Park","Downtown West","Downtown"
"Saskatchewan North","St. James-Assiniboia West","St. James-Assiniboia"
"Seven Oaks","Seven Oaks East","Seven Oaks"
"Shaughnessy Park","Inkster East","Inkster"
"Silver Heights","St. James-Assiniboia East","St. James-Assiniboia"
"Sir John Franklin","River Heights West","River Heights"
"South Point Douglas","Point Douglas South","Point Douglas"
"South Pointe","Fort Garry South","Fort Garry"
"South Portage","Downtown East","Downtown"
"South River Heights","River Heights West","River Heights"
"South Tuxedo","Assiniboine South","Assiniboine South"
"Southboine","Assiniboine South","Assiniboine South"
"Southdale","St. Boniface East","St. Boniface"
"Southland Park","St. Boniface East","St. Boniface"
"Spence","Downtown East","Downtown"
"Springfield North","River East East","River East"
"Springfield South","River East East","River East"
"St. Boniface Industrial Park","St. Boniface East","St. Boniface"
"St. George","St. Vital North","St. Vital"
"St. James Industrial","St. James-Assiniboia East","St. James-Assiniboia"
"St. John's","Point Douglas North","Point Douglas"
"St. John's Park","Point Douglas North","Point Douglas"
"St. Matthews","Downtown West","Downtown"
"St. Norbert","Fort Garry South","Fort Garry"
"St. Vital Centre","St. Vital South","St. Vital"
"St. Vital Perimeter South","St. Vital South","St. Vital"
"Stock Yards","St. Boniface East","St. Boniface"
"Sturgeon Creek","St. James-Assiniboia West","St. James-Assiniboia"
"Symington Yards","St. Boniface East","St. Boniface"
"Talbot-Grey","River East South","River East"
"Templeton-Sinclair","Seven Oaks East","Seven Oaks"
"The Forks","Downtown East","Downtown"
"The Maples","Seven Oaks West","Seven Oaks"
"The Mint","St. Boniface East","St. Boniface"
"Tissot","St. Boniface East","St. Boniface"
"Transcona North","Transcona","Transcona"
"Transcona South","Transcona","Transcona"
"Transcona Yards","Transcona","Transcona"
"Trappistes","Fort Garry South","Fort Garry"
"Turnbull Drive","Fort Garry South","Fort Garry"
"Tuxedo","Assiniboine South","Assiniboine South"
"Tuxedo Industrial","Assiniboine South","Assiniboine South"
"Tyndall Park","Inkster West","Inkster"
"Tyne-Tees","River East South","River East"
"University","Fort Garry South","Fort Garry"
"Valhalla","River East West","River East"
"Valley Gardens","River East East","River East"
"Varennes","St. Vital North","St. Vital"
"Varsity View","Assiniboine South","Assiniboine South"
"Vialoux","Assiniboine South","Assiniboine South"
"Victoria Crescent","St. Vital North","St. Vital"
"Victoria West","Transcona","Transcona"
"Vista","St. Vital South","St. Vital"
"Waverley Heights","Fort Garry South","Fort Garry"
"Waverley West B","Fort Garry South","Fort Garry"
"Wellington Crescent","River Heights West","River Heights"
"West Alexander","Downtown East","Downtown"
"West Broadway","Downtown East","Downtown"
"West Fort Garry Industrial","Fort Garry North","Fort Garry"
"West Kildonan Industrial","Seven Oaks East","Seven Oaks"
"West Perimeter South","Assiniboine South","Assiniboine South"
"West Wolseley","Downtown West","Downtown"
"Westdale","Assiniboine South","Assiniboine South"
"Weston","Inkster East","Inkster"
"Weston Shops","Inkster East","Inkster"
"Westwood","St. James-Assiniboia West","St. James-Assiniboia"
"Whyte Ridge","Fort Garry North","Fort Garry"
"Wildwood","Fort Garry North","Fort Garry"
"Wilkes South","Assiniboine South","Assiniboine South"
"William Whyte","Point Douglas South","Point Douglas"
"Windsor Park","St. Boniface East","St. Boniface"
"Wolseley","Downtown West","Downtown"
"Woodhaven","St. James-Assiniboia East","St. James-Assiniboia"
"Worthington","St. Vital North","St. Vital"
